[
  {
    "uri":"features/MarketingLP/Desktop/FormRegister/disciver2_create_acc.feature",
    "id":"discover2-create-account",
    "keyword":"Feature",
    "name":"Discover2 Create Account",
    "description":"",
    "line":1,
    "elements":[
      {
        "id":"discover2-create-account;discover2-create-account-form",
        "keyword":"Scenario",
        "name":"Discover2 create account form",
        "description":"",
        "line":4,
        "type":"scenario",
        "before":[
          {
            "match":{
              "location":"features/support/env.rb:14"
            },
            "result":{
              "status":"passed",
              "duration":2606182579
            }
          }
        ],
        "steps":[
          {
            "keyword":"Given ",
            "name":"URL is https://discover.webydo.com/discover2.html",
            "line":6,
            "match":{
              "location":"features/step_definitions/page_steps.rb:6"
            },
            "result":{
              "status":"passed",
              "duration":43167
            }
          },
          {
            "keyword":"When ",
            "name":"open site",
            "line":7,
            "match":{
              "location":"features/step_definitions/page_steps.rb:11"
            },
            "result":{
              "status":"passed",
              "duration":19621026687
            }
          },
          {
            "keyword":"Then ",
            "name":"page title is \"discover2\"",
            "line":8,
            "match":{
              "location":"features/step_definitions/page_steps.rb:17"
            },
            "result":{
              "status":"passed",
              "duration":9949603
            }
          },
          {
            "keyword":"When ",
            "name":"type \"webydotest\" in text field \"Full Name\" with ID \"Field257_Field551208121\"",
            "line":9,
            "match":{
              "location":"features/step_definitions/element_steps.rb:76"
            },
            "result":{
              "status":"passed",
              "duration":243854928
            }
          },
          {
            "keyword":"Then ",
            "name":"type random user's e-mail of domain \"webydotest.com\" in text field with ID \"Field261_Field555492125\" and name \"Business Email\"",
            "line":10,
            "match":{
              "location":"features/step_definitions/element_steps.rb:183"
            },
            "result":{
              "status":"passed",
              "duration":291968624
            }
          },
          {
            "keyword":"When ",
            "name":"type \"1800400400\" in text field \"Phone*\" with ID \"Field265_Field559776129\"",
            "line":11,
            "match":{
              "location":"features/step_definitions/element_steps.rb:76"
            },
            "result":{
              "status":"passed",
              "duration":241922665
            }
          },
          {
            "keyword":"When ",
            "name":"type \"1234abcd\" in text field \"Password (5+ characters)*\" with ID \"Field269_Field564060133\"",
            "line":12,
            "match":{
              "location":"features/step_definitions/element_steps.rb:76"
            },
            "result":{
              "status":"passed",
              "duration":220752892
            }
          },
          {
            "keyword":"Then ",
            "name":"select option by text \"I am learning to create websites for myself\" in element with ID \"List273_List566916137\"",
            "line":13,
            "match":{
              "location":"features/step_definitions/element_steps.rb:201"
            },
            "result":{
              "status":"passed",
              "duration":352876736
            }
          },
          {
            "keyword":"When ",
            "name":"click on \"Button\" (in Content) \"Create My Account\" with ID \"innerShape253\"",
            "line":14,
            "match":{
              "location":"features/step_definitions/element_steps.rb:14"
            },
            "result":{
              "status":"passed",
              "duration":171982328
            }
          },
          {
            "keyword":"Then ",
            "name":"sleep 8s",
            "line":15,
            "match":{
              "location":"features/step_definitions/others.rb:3"
            },
            "result":{
              "status":"passed",
              "duration":8000093881
            }
          },
          {
            "keyword":"Then ",
            "name":"page title is \"Wizard - Select Homepage\"",
            "line":16,
            "match":{
              "location":"features/step_definitions/page_steps.rb:17"
            },
            "result":{
              "status":"passed",
              "duration":20970539
            }
          }
        ],
        "after":[
          {
            "match":{
              "location":"features/support/env.rb:42"
            },
            "result":{
              "status":"passed",
              "duration":30851920
            }
          }
        ]
      }
    ]
  }
]
