[
  {
    "uri":"features/MarketingLP/Desktop/FormRegister/request_a_demo_form.feature",
    "id":"send-request-a-demo-form",
    "keyword":"Feature",
    "name":"Send Request A Demo Form",
    "description":"",
    "line":1,
    "elements":[
      {
        "id":"send-request-a-demo-form;request-a-demo-form",
        "keyword":"Scenario",
        "name":"Request A Demo Form",
        "description":"",
        "line":3,
        "type":"scenario",
        "before":[
          {
            "match":{
              "location":"features/support/env.rb:14"
            },
            "result":{
              "status":"passed",
              "duration":3868071766
            }
          }
        ],
        "steps":[
          {
            "keyword":"Given ",
            "name":"URL is https://www.webydo.com/agency.html",
            "line":5,
            "match":{
              "location":"features/step_definitions/page_steps.rb:6"
            },
            "result":{
              "status":"passed",
              "duration":40148
            }
          },
          {
            "keyword":"When ",
            "name":"open site",
            "line":6,
            "match":{
              "location":"features/step_definitions/page_steps.rb:11"
            },
            "result":{
              "status":"passed",
              "duration":10020709725
            }
          },
          {
            "keyword":"Then ",
            "name":"page title is \"Web Design Agencies: website builder, hosting & CMS | Webydo\"",
            "line":7,
            "match":{
              "location":"features/step_definitions/page_steps.rb:17"
            },
            "result":{
              "status":"passed",
              "duration":9923642
            }
          },
          {
            "keyword":"Then ",
            "name":"\"pop up\" element with CLASS \"register_popup\" is HIDDEN",
            "line":8,
            "match":{
              "location":"features/step_definitions/element_steps.rb:44"
            },
            "result":{
              "status":"passed",
              "duration":80827846
            }
          },
          {
            "keyword":"When ",
            "name":"click on \"Button\" (in Content) \"Rwquest A Live Demo\" with ID \"innerText191__Text191\"",
            "line":9,
            "match":{
              "location":"features/step_definitions/element_steps.rb:14"
            },
            "result":{
              "status":"passed",
              "duration":180880824
            }
          },
          {
            "keyword":"Then ",
            "name":"\"pop up\" element with CLASS \"register_popup\" is VISIBLE",
            "line":10,
            "match":{
              "location":"features/step_definitions/element_steps.rb:44"
            },
            "result":{
              "status":"passed",
              "duration":61879527
            }
          },
          {
            "keyword":"When ",
            "name":"type \"webydotest\" in text field \"Full name\" with ID \"Field19_Field1533410\" in IFrame with CSS \"iframe.register_popup\"",
            "line":11,
            "match":{
              "location":"features/step_definitions/iframe.rb:46"
            },
            "result":{
              "status":"passed",
              "duration":775968208
            }
          },
          {
            "keyword":"Then ",
            "name":"type random user's e-mail of domain \"webydotest.com\" in text field with ID \"Field28_Field1818\" and name \"Email\" in IFrame with CSS \"iframe.register_popup\"",
            "line":12,
            "match":{
              "location":"features/step_definitions/iframe.rb:8"
            },
            "result":{
              "status":"passed",
              "duration":674891591
            }
          },
          {
            "keyword":"When ",
            "name":"type \"1800400400\" in text field \"Phone\" with ID \"Field32_Field88222\" in IFrame with CSS \"iframe.register_popup\"",
            "line":13,
            "match":{
              "location":"features/step_definitions/iframe.rb:46"
            },
            "result":{
              "status":"passed",
              "duration":590884461
            }
          },
          {
            "keyword":"When ",
            "name":"select option by text \"I create websites as a freelancer\" in element with ID \"List44_List1313406\" in IFrame with CSS \"iframe.register_popup\"",
            "line":14,
            "match":{
              "location":"features/step_definitions/iframe.rb:32"
            },
            "result":{
              "status":"passed",
              "duration":670944352
            }
          },
          {
            "keyword":"When ",
            "name":"click on \"button\" \"Request A Demo\" with ID \"innerShape15\" in IFrame with CSS \"iframe.register_popup\"",
            "line":15,
            "match":{
              "location":"features/step_definitions/iframe.rb:58"
            },
            "result":{
              "status":"passed",
              "duration":510907584
            }
          },
          {
            "keyword":"Then ",
            "name":"sleep 4s",
            "line":16,
            "match":{
              "location":"features/step_definitions/others.rb:3"
            },
            "result":{
              "status":"passed",
              "duration":4000042865
            }
          },
          {
            "keyword":"Then ",
            "name":"page title is \"Schedule Your Webydo Demo\"",
            "line":17,
            "match":{
              "location":"features/step_definitions/page_steps.rb:17"
            },
            "result":{
              "status":"passed",
              "duration":110983052
            }
          }
        ],
        "after":[
          {
            "match":{
              "location":"features/support/env.rb:42"
            },
            "result":{
              "status":"passed",
              "duration":32881989
            }
          }
        ]
      }
    ]
  }
]
