[
  {
    "uri":"features/MarketingLP/Desktop/FormRegister/discover_create_acct.feature",
    "id":"create-account",
    "keyword":"Feature",
    "name":"Create Account",
    "description":"",
    "line":1,
    "elements":[
      {
        "id":"create-account;click-on-button-\"try-webydo-now\",-open-register-popup-and-create-an-account-(in-header)",
        "keyword":"Scenario",
        "name":"Click on button \"Try Webydo Now\", open register popup and create an account (in Header)",
        "description":"",
        "line":3,
        "type":"scenario",
        "before":[
          {
            "match":{
              "location":"features/support/env.rb:14"
            },
            "result":{
              "status":"passed",
              "duration":2098578348
            }
          }
        ],
        "steps":[
          {
            "keyword":"Given ",
            "name":"URL is https://discover.webydo.com",
            "line":5,
            "match":{
              "location":"features/step_definitions/page_steps.rb:6"
            },
            "result":{
              "status":"passed",
              "duration":46186
            }
          },
          {
            "keyword":"When ",
            "name":"open site",
            "line":6,
            "match":{
              "location":"features/step_definitions/page_steps.rb:11"
            },
            "result":{
              "status":"passed",
              "duration":13140894046
            }
          },
          {
            "keyword":"Then ",
            "name":"page title is \"Discover Webydo\"",
            "line":7,
            "match":{
              "location":"features/step_definitions/page_steps.rb:17"
            },
            "result":{
              "status":"passed",
              "duration":9865381
            }
          },
          {
            "keyword":"And ",
            "name":"\"Register Pop up\" element with CSS \"iframe.register_popup\" is HIDDEN",
            "line":8,
            "match":{
              "location":"features/step_definitions/element_steps.rb:44"
            },
            "result":{
              "status":"passed",
              "duration":120862621
            }
          },
          {
            "keyword":"When ",
            "name":"click on \"button\" (in Header) \"Try Webydo Now\" with ID \"innerMagicWidget118__MagicWidget118_MagicWidget10243235\"",
            "line":9,
            "match":{
              "location":"features/step_definitions/element_steps.rb:14"
            },
            "result":{
              "status":"passed",
              "duration":179943822
            }
          },
          {
            "keyword":"Then ",
            "name":"\"Register Pop Up\" element with CSS \"iframe.register_popup\" is VISIBLE",
            "line":10,
            "match":{
              "location":"features/step_definitions/element_steps.rb:44"
            },
            "result":{
              "status":"passed",
              "duration":60851663
            }
          },
          {
            "keyword":"Then ",
            "name":"type \"AutomationName\" in text field \"Name\" with ID \"registerName\" in IFrame with CSS \"iframe.register_popup\"",
            "line":12,
            "match":{
              "location":"features/step_definitions/iframe.rb:46"
            },
            "result":{
              "status":"passed",
              "duration":613875108
            }
          },
          {
            "keyword":"And ",
            "name":"type random user's e-mail of domain \"webydotest.com\" in text field with ID \"emailSignUp\" and name \"Email\" in IFrame with CSS \"iframe.register_popup\"",
            "line":13,
            "match":{
              "location":"features/step_definitions/iframe.rb:8"
            },
            "result":{
              "status":"passed",
              "duration":611907525
            }
          },
          {
            "keyword":"And ",
            "name":"type \"123456\" in text field \"Password\" with ID \"pwdSignUp\" in IFrame with CSS \"iframe.register_popup\"",
            "line":14,
            "match":{
              "location":"features/step_definitions/iframe.rb:46"
            },
            "result":{
              "status":"passed",
              "duration":590005721
            }
          },
          {
            "keyword":"And ",
            "name":"type \"522398978\" in text field \"Phone\" with ID \"phoneSignUp\" in IFrame with CSS \"iframe.register_popup\"",
            "line":15,
            "match":{
              "location":"features/step_definitions/iframe.rb:46"
            },
            "result":{
              "status":"passed",
              "duration":589969194
            }
          },
          {
            "keyword":"Then ",
            "name":"select option 2 in element with ID \"whoDoYouBuildForSignUp\" in IFrame with CSS \"iframe.register_popup\"",
            "line":16,
            "match":{
              "location":"features/step_definitions/iframe.rb:20"
            },
            "result":{
              "status":"passed",
              "duration":710867737
            }
          },
          {
            "keyword":"Then ",
            "name":"click on \"button\" \"Create My Account\" with CSS \"button#RegisterUC_submitStartNowBtn\" in IFrame with CSS \"iframe.register_popup\"",
            "line":17,
            "match":{
              "location":"features/step_definitions/iframe.rb:58"
            },
            "result":{
              "status":"passed",
              "duration":551974148
            }
          },
          {
            "keyword":"Then ",
            "name":"sleep 8s",
            "line":18,
            "match":{
              "location":"features/step_definitions/others.rb:3"
            },
            "result":{
              "status":"passed",
              "duration":8000036828
            }
          },
          {
            "keyword":"Then ",
            "name":"page title is \"Wizard - Select Homepage\"",
            "line":19,
            "match":{
              "location":"features/step_definitions/page_steps.rb:17"
            },
            "result":{
              "status":"passed",
              "duration":22063305
            }
          }
        ],
        "after":[
          {
            "match":{
              "location":"features/support/env.rb:42"
            },
            "result":{
              "status":"passed",
              "duration":30891767
            }
          }
        ]
      }
    ]
  }
]
